Pokemon,Primary Nature,Alternative 1,Alternative 2,Worst Nature
Bulbasaur,Modest,Timid,Calm,Jolly
Ivysaur,Modest,Timid,Calm,Jolly
Venusaur,Modest,Timid,Calm,Jolly
Charmander,Timid,Modest,Bold,Adamant
Charmeleon,Timid,Modest,Bold,Adamant
Charizard,Modest,Timid,Calm,Jolly
Squirtle,Modest,Timid,Bold,Jolly
Wartortle,Modest,Timid,Calm,Jolly
Blastoise,Modest,Timid,Calm,Jolly
Caterpie,Jolly,Adamant,Impish,Modest
Metapod,Timid,Modest,Bold,Adamant
Butterfree,Modest,Timid,Calm,Jolly
Weedle,Jolly,Adamant,Impish,Modest
Kakuna,Hasty,Timid,Jolly,Quiet
Beedrill,Adamant,Jolly,Careful,Timid
Pidgey,Jolly,Adamant,Impish,Modest
Pidgeotto,Jolly,Adamant,Impish,Modest
Pidgeot,Jolly,Adamant,Impish,Modest
Rattata,Jolly,Adamant,Impish,Modest
Raticate,Jolly,Adamant,Impish,Modest
Spearow,Jolly,Adamant,Impish,Modest
Fearow,Jolly,Adamant,Impish,Modest
Ekans,Adamant,Jolly,Careful,Timid
Arbok,Adamant,Jolly,Careful,Timid
Pikachu,Jolly,Adamant,Impish,Modest
Raichu,Hasty,Timid,Jolly,Quiet
Sandshrew,Adamant,Jolly,Impish,Timid
Sandslash,Adamant,Jolly,Impish,Timid
Nidoran-F,Adamant,Jolly,Impish,Timid
Nidorina,Adamant,Jolly,Impish,Timid
Nidoqueen,Adamant,Jolly,Impish,Timid
Nidoran-M,Adamant,Jolly,Impish,Timid
Nidorino,Adamant,Jolly,Impish,Timid
Nidoking,Adamant,Jolly,Impish,Timid
Clefairy,Modest,Timid,Calm,Jolly
Clefable,Modest,Timid,Calm,Jolly
Vulpix,Timid,Modest,Bold,Adamant
Ninetales,Timid,Modest,Calm,Adamant
Jigglypuff,Naive,Timid,Jolly,Quiet
Wigglytuff,Modest,Timid,Calm,Jolly
Zubat,Jolly,Adamant,Impish,Modest
Golbat,Jolly,Adamant,Impish,Modest
Oddish,Modest,Timid,Calm,Jolly
Gloom,Modest,Timid,Calm,Jolly
Vileplume,Modest,Timid,Calm,Jolly
Paras,Adamant,Jolly,Impish,Timid
Parasect,Adamant,Jolly,Impish,Timid
Venonat,Adamant,Jolly,Careful,Timid
Venomoth,Timid,Modest,Bold,Adamant
Diglett,Jolly,Adamant,Impish,Modest
Dugtrio,Jolly,Adamant,Impish,Modest
Meowth,Jolly,Adamant,Impish,Modest
Persian,Jolly,Adamant,Impish,Modest
Psyduck,Modest,Timid,Calm,Jolly
Golduck,Modest,Timid,Calm,Jolly
Mankey,Adamant,Jolly,Careful,Timid
Primeape,Adamant,Jolly,Careful,Timid
Growlithe,Naive,Timid,Jolly,Quiet
Arcanine,Adamant,Jolly,Impish,Timid
Poliwag,Jolly,Adamant,Impish,Modest
Poliwhirl,Jolly,Adamant,Impish,Modest
Poliwrath,Adamant,Jolly,Impish,Timid
Abra,Modest,Timid,Calm,Jolly
Kadabra,Modest,Timid,Calm,Jolly
Alakazam,Modest,Timid,Calm,Jolly
Machop,Adamant,Jolly,Impish,Timid
Machoke,Adamant,Jolly,Impish,Timid
Machamp,Adamant,Jolly,Careful,Timid
Bellsprout,Adamant,Jolly,Impish,Timid
Weepinbell,Adamant,Jolly,Impish,Timid
Victreebel,Adamant,Jolly,Impish,Timid
Tentacool,Timid,Modest,Bold,Adamant
Tentacruel,Timid,Modest,Calm,Adamant
Geodude,Adamant,Jolly,Impish,Timid
Graveler,Adamant,Jolly,Impish,Timid
Golem,Adamant,Jolly,Impish,Timid
Ponyta,Jolly,Adamant,Impish,Modest
Rapidash,Jolly,Adamant,Impish,Modest
Slowpoke,Adamant,Jolly,Impish,Timid
Slowbro,Modest,Timid,Bold,Jolly
Magnemite,Modest,Timid,Bold,Jolly
Magneton,Modest,Timid,Bold,Jolly
Farfetchd,Adamant,Jolly,Careful,Timid
Doduo,Adamant,Jolly,Impish,Timid
Dodrio,Jolly,Adamant,Impish,Modest
Seel,Hasty,Timid,Jolly,Quiet
Dewgong,Hasty,Timid,Jolly,Quiet
Grimer,Adamant,Jolly,Impish,Timid
Muk,Adamant,Jolly,Careful,Timid
Shellder,Adamant,Jolly,Impish,Timid
Cloyster,Adamant,Jolly,Impish,Timid
Gastly,Modest,Timid,Calm,Jolly
Haunter,Modest,Timid,Calm,Jolly
Gengar,Modest,Timid,Calm,Jolly
Onix,Jolly,Adamant,Impish,Modest
Drowzee,Adamant,Jolly,Careful,Timid
Hypno,Naive,Timid,Jolly,Quiet
Krabby,Adamant,Jolly,Impish,Timid
Kingler,Adamant,Jolly,Impish,Timid
Voltorb,Timid,Modest,Bold,Adamant
Electrode,Timid,Modest,Bold,Adamant
Exeggcute,Modest,Timid,Bold,Jolly
Exeggutor,Modest,Timid,Bold,Jolly
Cubone,Adamant,Jolly,Impish,Timid
Marowak,Adamant,Jolly,Impish,Timid
Hitmonlee,Adamant,Jolly,Careful,Timid
Hitmonchan,Adamant,Jolly,Careful,Timid
Lickitung,Modest,Timid,Calm,Jolly
Koffing,Adamant,Jolly,Impish,Timid
Weezing,Adamant,Jolly,Impish,Timid
Rhyhorn,Adamant,Jolly,Impish,Timid
Rhydon,Adamant,Jolly,Impish,Timid
Chansey,Timid,Modest,Calm,Adamant
Tangela,Modest,Timid,Bold,Jolly
Kangaskhan,Adamant,Jolly,Impish,Timid
Horsea,Modest,Timid,Bold,Jolly
Seadra,Modest,Timid,Bold,Jolly
Goldeen,Adamant,Jolly,Impish,Timid
Seaking,Adamant,Jolly,Careful,Timid
Staryu,Timid,Modest,Bold,Adamant
Starmie,Timid,Modest,Bold,Adamant
Mr-Mime,Modest,Timid,Calm,Jolly
Scyther,Adamant,Jolly,Impish,Timid
Jynx,Modest,Timid,Calm,Jolly
Electabuzz,Timid,Modest,Bold,Adamant
Magmar,Modest,Timid,Calm,Jolly
Pinsir,Adamant,Jolly,Impish,Timid
Tauros,Jolly,Adamant,Impish,Modest
Magikarp,Timid,Modest,Bold,Adamant
Gyarados,Adamant,Jolly,Careful,Timid
Lapras,Naive,Timid,Jolly,Quiet
Ditto,Hasty,Timid,Jolly,Quiet
Eevee,Jolly,Adamant,Impish,Modest
Vaporeon,Modest,Timid,Calm,Jolly
Jolteon,Timid,Modest,Bold,Adamant
Flareon,Adamant,Jolly,Careful,Timid
Porygon,Modest,Timid,Calm,Jolly
Omanyte,Modest,Timid,Bold,Jolly
Omastar,Modest,Timid,Bold,Jolly
Kabuto,Adamant,Jolly,Impish,Timid
Kabutops,Adamant,Jolly,Impish,Timid
Aerodactyl,Jolly,Adamant,Impish,Modest
Snorlax,Adamant,Jolly,Careful,Timid
Articuno,Modest,Timid,Calm,Jolly
Zapdos,Modest,Timid,Calm,Jolly
Moltres,Modest,Timid,Bold,Jolly
Dratini,Adamant,Jolly,Careful,Timid
Dragonair,Adamant,Jolly,Careful,Timid
Dragonite,Adamant,Jolly,Careful,Timid
Mewtwo,Modest,Timid,Calm,Jolly
Mew,Hasty,Timid,Jolly,Quiet
Chikorita,Naive,Timid,Jolly,Quiet
Bayleef,Modest,Timid,Calm,Jolly
Meganium,Modest,Timid,Calm,Jolly
Cyndaquil,Timid,Modest,Bold,Adamant
Quilava,Timid,Modest,Bold,Adamant
Typhlosion,Modest,Timid,Calm,Jolly
Totodile,Adamant,Jolly,Impish,Timid
Croconaw,Adamant,Jolly,Impish,Timid
Feraligatr,Adamant,Jolly,Impish,Timid
Sentret,Adamant,Jolly,Careful,Timid
Furret,Jolly,Adamant,Impish,Modest
Hoothoot,Timid,Modest,Bold,Adamant
Noctowl,Modest,Timid,Calm,Jolly
Ledyba,Timid,Modest,Bold,Adamant
Ledian,Timid,Modest,Bold,Adamant
Spinarak,Adamant,Jolly,Impish,Timid
Ariados,Adamant,Jolly,Impish,Timid
Crobat,Jolly,Adamant,Careful,Modest
Chinchou,Timid,Modest,Bold,Adamant
Lanturn,Modest,Timid,Calm,Jolly
Pichu,Jolly,Adamant,Impish,Modest
Cleffa,Modest,Timid,Calm,Jolly
Igglybuff,Modest,Timid,Calm,Jolly
Togepi,Modest,Timid,Calm,Jolly
Togetic,Modest,Timid,Calm,Jolly
Natu,Timid,Modest,Bold,Adamant
Xatu,Timid,Modest,Bold,Adamant
Mareep,Modest,Timid,Calm,Jolly
Flaaffy,Modest,Timid,Calm,Jolly
Ampharos,Modest,Timid,Calm,Jolly
Bellossom,Modest,Timid,Calm,Jolly
Marill,Hasty,Timid,Jolly,Quiet
Azumarill,Modest,Timid,Calm,Jolly
Sudowoodo,Adamant,Jolly,Impish,Timid
Politoed,Modest,Timid,Calm,Jolly
Hoppip,Hasty,Timid,Jolly,Quiet
Skiploom,Hasty,Timid,Jolly,Quiet
Jumpluff,Hasty,Timid,Jolly,Quiet
Aipom,Jolly,Adamant,Impish,Modest
Sunkern,Hasty,Timid,Jolly,Quiet
Sunflora,Modest,Timid,Calm,Jolly
Yanma,Timid,Modest,Bold,Adamant
Wooper,Adamant,Jolly,Impish,Timid
Quagsire,Adamant,Jolly,Impish,Timid
Espeon,Modest,Timid,Calm,Jolly
Umbreon,Jolly,Adamant,Careful,Modest
Murkrow,Hasty,Timid,Jolly,Quiet
Slowking,Modest,Timid,Calm,Jolly
Misdreavus,Timid,Modest,Bold,Adamant
Unown,Naive,Timid,Jolly,Quiet
Wobbuffet,Hasty,Timid,Jolly,Quiet
Girafarig,Modest,Timid,Calm,Jolly
Pineco,Adamant,Jolly,Impish,Timid
Forretress,Adamant,Jolly,Impish,Timid
Dunsparce,Adamant,Jolly,Impish,Timid
Gligar,Jolly,Adamant,Impish,Modest
Steelix,Adamant,Jolly,Impish,Timid
Snubbull,Adamant,Jolly,Impish,Timid
Granbull,Adamant,Jolly,Impish,Timid
Qwilfish,Adamant,Jolly,Impish,Timid
Scizor,Adamant,Jolly,Impish,Timid
Shuckle,Naive,Timid,Jolly,Quiet
Heracross,Adamant,Jolly,Careful,Timid
Sneasel,Jolly,Adamant,Impish,Modest
Teddiursa,Adamant,Jolly,Impish,Timid
Ursaring,Adamant,Jolly,Impish,Timid
Slugma,Modest,Timid,Calm,Jolly
Magcargo,Modest,Timid,Bold,Jolly
Swinub,Jolly,Adamant,Impish,Modest
Piloswine,Adamant,Jolly,Impish,Timid
Corsola,Modest,Timid,Calm,Jolly
Remoraid,Hasty,Timid,Jolly,Quiet
Octillery,Naive,Timid,Jolly,Quiet
Delibird,Timid,Modest,Bold,Adamant
Mantine,Modest,Timid,Calm,Jolly
Skarmory,Adamant,Jolly,Impish,Timid
Houndour,Modest,Timid,Calm,Jolly
Houndoom,Modest,Timid,Calm,Jolly
Kingdra,Naive,Timid,Jolly,Quiet
Phanpy,Adamant,Jolly,Impish,Timid
Donphan,Adamant,Jolly,Impish,Timid
Porygon2,Modest,Timid,Calm,Jolly
Stantler,Adamant,Jolly,Careful,Timid
Smeargle,Hasty,Timid,Jolly,Quiet
Tyrogue,Hasty,Timid,Jolly,Quiet
Hitmontop,Adamant,Jolly,Careful,Timid
Smoochum,Modest,Timid,Calm,Jolly
Elekid,Timid,Modest,Bold,Adamant
Magby,Jolly,Adamant,Impish,Modest
Miltank,Jolly,Adamant,Careful,Modest
Blissey,Modest,Timid,Calm,Jolly
Raikou,Timid,Modest,Calm,Adamant
Entei,Adamant,Jolly,Impish,Timid
Suicune,Modest,Timid,Calm,Jolly
Larvitar,Adamant,Jolly,Impish,Timid
Pupitar,Adamant,Jolly,Impish,Timid
Tyranitar,Adamant,Jolly,Impish,Timid
Lugia,Hasty,Timid,Jolly,Quiet
Ho-Oh,Adamant,Jolly,Careful,Timid
Celebi,Hasty,Timid,Jolly,Quiet
Treecko,Timid,Modest,Bold,Adamant
Grovyle,Timid,Modest,Bold,Adamant
Sceptile,Timid,Modest,Bold,Adamant
Torchic,Modest,Timid,Calm,Jolly
Combusken,Naive,Timid,Jolly,Quiet
Blaziken,Adamant,Jolly,Impish,Timid
Mudkip,Adamant,Jolly,Impish,Timid
Marshtomp,Adamant,Jolly,Impish,Timid
Swampert,Adamant,Jolly,Impish,Timid
Poochyena,Adamant,Jolly,Impish,Timid
Mightyena,Adamant,Jolly,Impish,Timid
Zigzagoon,Hasty,Timid,Jolly,Quiet
Linoone,Jolly,Adamant,Impish,Modest
Wurmple,Adamant,Jolly,Impish,Timid
Silcoon,Adamant,Jolly,Impish,Timid
Beautifly,Modest,Timid,Calm,Jolly
Cascoon,Adamant,Jolly,Impish,Timid
Dustox,Hasty,Timid,Jolly,Quiet
Lotad,Modest,Timid,Calm,Jolly
Lombre,Modest,Timid,Calm,Jolly
Ludicolo,Modest,Timid,Calm,Jolly
Seedot,Adamant,Jolly,Impish,Timid
Nuzleaf,Adamant,Jolly,Impish,Timid
Shiftry,Adamant,Jolly,Impish,Timid
Taillow,Jolly,Adamant,Impish,Modest
Swellow,Jolly,Adamant,Impish,Modest
Wingull,Timid,Modest,Bold,Adamant
Pelipper,Modest,Timid,Bold,Jolly
Ralts,Modest,Timid,Calm,Jolly
Kirlia,Modest,Timid,Calm,Jolly
Gardevoir,Modest,Timid,Calm,Jolly
Surskit,Timid,Modest,Bold,Adamant
Masquerain,Modest,Timid,Calm,Jolly
Shroomish,Naive,Timid,Jolly,Quiet
Breloom,Adamant,Jolly,Impish,Timid
Slakoth,Adamant,Jolly,Impish,Timid
Vigoroth,Jolly,Adamant,Impish,Modest
Slaking,Adamant,Jolly,Impish,Timid
Nincada,Adamant,Jolly,Impish,Timid
Ninjask,Jolly,Adamant,Impish,Modest
Shedinja,Adamant,Jolly,Impish,Timid
Whismur,Naive,Timid,Jolly,Quiet
Loudred,Naive,Timid,Jolly,Quiet
Exploud,Naive,Timid,Jolly,Quiet
Makuhita,Adamant,Jolly,Impish,Timid
Hariyama,Adamant,Jolly,Impish,Timid
Azurill,Hasty,Timid,Jolly,Quiet
Nosepass,Naive,Timid,Jolly,Quiet
Skitty,Jolly,Adamant,Impish,Modest
Delcatty,Jolly,Adamant,Impish,Modest
Sableye,Adamant,Jolly,Impish,Timid
Mawile,Adamant,Jolly,Impish,Timid
Aron,Adamant,Jolly,Impish,Timid
Lairon,Adamant,Jolly,Impish,Timid
Aggron,Adamant,Jolly,Impish,Timid
Meditite,Hasty,Timid,Jolly,Quiet
Medicham,Hasty,Timid,Jolly,Quiet
Electrike,Timid,Modest,Bold,Adamant
Manectric,Timid,Modest,Bold,Adamant
Plusle,Timid,Modest,Bold,Adamant
Minun,Timid,Modest,Bold,Adamant
Volbeat,Jolly,Adamant,Impish,Modest
Illumise,Timid,Modest,Bold,Adamant
Roselia,Modest,Timid,Calm,Jolly
Gulpin,Naive,Timid,Jolly,Quiet
Swalot,Naive,Timid,Jolly,Quiet
Carvanha,Adamant,Jolly,Impish,Timid
Sharpedo,Adamant,Jolly,Impish,Timid
Wailmer,Naive,Timid,Jolly,Quiet
Wailord,Naive,Timid,Jolly,Quiet
Numel,Modest,Timid,Calm,Jolly
Camerupt,Modest,Timid,Calm,Jolly
Torkoal,Naive,Timid,Jolly,Quiet
Spoink,Modest,Timid,Calm,Jolly
Grumpig,Modest,Timid,Calm,Jolly
Spinda,Hasty,Timid,Jolly,Quiet
Trapinch,Adamant,Jolly,Impish,Timid
Vibrava,Jolly,Adamant,Impish,Modest
Flygon,Jolly,Adamant,Impish,Modest
Cacnea,Naive,Timid,Jolly,Quiet
Cacturne,Naive,Timid,Jolly,Quiet
Swablu,Hasty,Timid,Jolly,Quiet
Altaria,Hasty,Timid,Jolly,Quiet
Zangoose,Adamant,Jolly,Impish,Timid
Seviper,Naive,Timid,Jolly,Quiet
Lunatone,Modest,Timid,Calm,Jolly
Solrock,Adamant,Jolly,Impish,Timid
Barboach,Jolly,Adamant,Impish,Modest
Whiscash,Adamant,Jolly,Impish,Timid
Corphish,Adamant,Jolly,Impish,Timid
Crawdaunt,Adamant,Jolly,Impish,Timid
Baltoy,Hasty,Timid,Jolly,Quiet
Claydol,Hasty,Timid,Jolly,Quiet
Lileep,Modest,Timid,Calm,Jolly
Cradily,Naive,Timid,Jolly,Quiet
Anorith,Adamant,Jolly,Impish,Timid
Armaldo,Adamant,Jolly,Impish,Timid
Feebas,Jolly,Adamant,Impish,Modest
Milotic,Modest,Timid,Calm,Jolly
Castform,Hasty,Timid,Jolly,Quiet
Kecleon,Adamant,Jolly,Careful,Timid
Shuppet,Adamant,Jolly,Impish,Timid
Banette,Adamant,Jolly,Impish,Timid
Duskull,Adamant,Jolly,Impish,Timid
Dusclops,Adamant,Jolly,Impish,Timid
Tropius,Modest,Timid,Calm,Jolly
Chimecho,Modest,Timid,Calm,Jolly
Absol,Adamant,Jolly,Impish,Timid
Wynaut,Hasty,Timid,Jolly,Quiet
Snorunt,Hasty,Timid,Jolly,Quiet
Glalie,Hasty,Timid,Jolly,Quiet
Spheal,Modest,Timid,Calm,Jolly
Sealeo,Modest,Timid,Calm,Jolly
Walrein,Modest,Timid,Calm,Jolly
Clamperl,Modest,Timid,Bold,Jolly
Huntail,Adamant,Jolly,Impish,Timid
Gorebyss,Modest,Timid,Bold,Jolly
Relicanth,Adamant,Jolly,Impish,Timid
Luvdisc,Timid,Modest,Bold,Adamant
Bagon,Adamant,Jolly,Impish,Timid
Shelgon,Adamant,Jolly,Impish,Timid
Salamence,Adamant,Jolly,Impish,Timid
Beldum,Adamant,Jolly,Impish,Timid
Metang,Adamant,Jolly,Impish,Timid
Metagross,Adamant,Jolly,Impish,Timid
Regirock,Adamant,Jolly,Impish,Timid
Regice,Modest,Timid,Calm,Jolly
Registeel,Naive,Timid,Jolly,Quiet
Latias,Timid,Modest,Calm,Adamant
Latios,Modest,Timid,Calm,Jolly
Kyogre,Modest,Timid,Calm,Jolly
Groudon,Adamant,Jolly,Impish,Timid
Rayquaza,Naive,Timid,Jolly,Quiet
Jirachi,Hasty,Timid,Jolly,Quiet
Deoxys,Hasty,Timid,Jolly,Quiet
Turtwig,Adamant,Jolly,Impish,Timid
Grotle,Adamant,Jolly,Impish,Timid
Torterra,Adamant,Jolly,Impish,Timid
Chimchar,Hasty,Timid,Jolly,Quiet
Monferno,Hasty,Timid,Jolly,Quiet
Infernape,Hasty,Timid,Jolly,Quiet
Piplup,Modest,Timid,Calm,Jolly
Prinplup,Modest,Timid,Calm,Jolly
Empoleon,Modest,Timid,Calm,Jolly
Starly,Jolly,Adamant,Impish,Modest
Staravia,Jolly,Adamant,Impish,Modest
Staraptor,Adamant,Jolly,Impish,Timid
Bidoof,Adamant,Jolly,Impish,Timid
Bibarel,Adamant,Jolly,Impish,Timid
Kricketot,Hasty,Timid,Jolly,Quiet
Kricketune,Adamant,Jolly,Impish,Timid
Shinx,Adamant,Jolly,Impish,Timid
Luxio,Adamant,Jolly,Impish,Timid
Luxray,Adamant,Jolly,Impish,Timid
Budew,Timid,Modest,Bold,Adamant
Roserade,Modest,Timid,Calm,Jolly
Cranidos,Adamant,Jolly,Impish,Timid
Rampardos,Adamant,Jolly,Impish,Timid
Shieldon,Naive,Timid,Jolly,Quiet
Bastiodon,Adamant,Jolly,Impish,Timid
Burmy,Hasty,Timid,Jolly,Quiet
Wormadam,Modest,Timid,Calm,Jolly
Mothim,Naive,Timid,Jolly,Quiet
Combee,Hasty,Timid,Jolly,Quiet
Vespiquen,Naive,Timid,Jolly,Quiet
Pachirisu,Hasty,Timid,Jolly,Quiet
Buizel,Jolly,Adamant,Impish,Modest
Floatzel,Jolly,Adamant,Impish,Modest
Cherubi,Modest,Timid,Calm,Jolly
Cherrim,Modest,Timid,Calm,Jolly
Shellos,Modest,Timid,Calm,Jolly
Gastrodon,Modest,Timid,Calm,Jolly
Ambipom,Jolly,Adamant,Impish,Modest
Drifloon,Timid,Modest,Bold,Adamant
Drifblim,Modest,Timid,Calm,Jolly
Buneary,Jolly,Adamant,Impish,Modest
Lopunny,Jolly,Adamant,Careful,Modest
Mismagius,Timid,Modest,Bold,Adamant
Honchkrow,Adamant,Jolly,Impish,Timid
Glameow,Jolly,Adamant,Impish,Modest
Purugly,Jolly,Adamant,Impish,Modest
Chingling,Modest,Timid,Calm,Jolly
Stunky,Jolly,Adamant,Impish,Modest
Skuntank,Adamant,Jolly,Impish,Timid
Bronzor,Naive,Timid,Jolly,Quiet
Bronzong,Adamant,Jolly,Impish,Timid
Bonsly,Adamant,Jolly,Impish,Timid
Mime-Jr,Modest,Timid,Calm,Jolly
Happiny,Timid,Modest,Bold,Adamant
Chatot,Modest,Timid,Bold,Jolly
Spiritomb,Naive,Timid,Jolly,Quiet
Gible,Adamant,Jolly,Impish,Timid
Gabite,Adamant,Jolly,Impish,Timid
Garchomp,Adamant,Jolly,Impish,Timid
Munchlax,Adamant,Jolly,Careful,Timid
Riolu,Adamant,Jolly,Impish,Timid
Lucario,Modest,Timid,Calm,Jolly
Hippopotas,Adamant,Jolly,Impish,Timid
Hippowdon,Adamant,Jolly,Impish,Timid
Skorupi,Jolly,Adamant,Impish,Modest
Drapion,Jolly,Adamant,Careful,Modest
Croagunk,Naive,Timid,Jolly,Quiet
Toxicroak,Adamant,Jolly,Impish,Timid
Carnivine,Adamant,Jolly,Impish,Timid
Finneon,Hasty,Timid,Jolly,Quiet
Lumineon,Hasty,Timid,Jolly,Quiet
Mantyke,Modest,Timid,Calm,Jolly
Snover,Naive,Timid,Jolly,Quiet
Abomasnow,Naive,Timid,Jolly,Quiet
Weavile,Jolly,Adamant,Impish,Modest
Magnezone,Modest,Timid,Bold,Jolly
Lickilicky,Adamant,Jolly,Impish,Timid
Rhyperior,Adamant,Jolly,Impish,Timid
Tangrowth,Modest,Timid,Bold,Jolly
Electivire,Adamant,Jolly,Careful,Timid
Magmortar,Modest,Timid,Calm,Jolly
Togekiss,Modest,Timid,Calm,Jolly
Yanmega,Modest,Timid,Bold,Jolly
Leafeon,Adamant,Jolly,Impish,Timid
Glaceon,Modest,Timid,Bold,Jolly
Gliscor,Jolly,Adamant,Careful,Modest
Mamoswine,Adamant,Jolly,Impish,Timid
Porygon-Z,Modest,Timid,Calm,Jolly
Gallade,Adamant,Jolly,Careful,Timid
Probopass,Modest,Timid,Calm,Jolly
Dusknoir,Adamant,Jolly,Impish,Timid
Froslass,Hasty,Timid,Jolly,Quiet
Rotom,Modest,Timid,Calm,Jolly
Uxie,Hasty,Timid,Jolly,Quiet
Mesprit,Naive,Timid,Jolly,Quiet
Azelf,Naive,Timid,Jolly,Quiet
Dialga,Modest,Timid,Bold,Jolly
Palkia,Modest,Timid,Calm,Jolly
Heatran,Modest,Timid,Calm,Jolly
Regigigas,Adamant,Jolly,Impish,Timid
Giratina,Naive,Timid,Jolly,Quiet
Cresselia,Timid,Modest,Calm,Adamant
Phione,Hasty,Timid,Jolly,Quiet
Manaphy,Hasty,Timid,Jolly,Quiet
Darkrai,Modest,Timid,Calm,Jolly
Shaymin,Hasty,Timid,Jolly,Quiet
Arceus,Hasty,Timid,Jolly,Quiet
Victini,Hasty,Timid,Jolly,Quiet
Snivy,Hasty,Timid,Jolly,Quiet
Servine,Hasty,Timid,Jolly,Quiet
Serperior,Hasty,Timid,Jolly,Quiet
Tepig,Adamant,Jolly,Impish,Timid
Pignite,Adamant,Jolly,Impish,Timid
Emboar,Adamant,Jolly,Impish,Timid
Oshawott,Modest,Timid,Calm,Jolly
Dewott,Modest,Timid,Calm,Jolly
Samurott,Modest,Timid,Bold,Jolly
Patrat,Adamant,Jolly,Impish,Timid
Watchog,Adamant,Jolly,Impish,Timid
Lillipup,Adamant,Jolly,Impish,Timid
Herdier,Adamant,Jolly,Impish,Timid
Stoutland,Adamant,Jolly,Impish,Timid
Purrloin,Hasty,Timid,Jolly,Quiet
Liepard,Hasty,Timid,Jolly,Quiet
Pansage,Hasty,Timid,Jolly,Quiet
Simisage,Hasty,Timid,Jolly,Quiet
Pansear,Hasty,Timid,Jolly,Quiet
Simisear,Hasty,Timid,Jolly,Quiet
Panpour,Hasty,Timid,Jolly,Quiet
Simipour,Hasty,Timid,Jolly,Quiet
Munna,Modest,Timid,Calm,Jolly
Musharna,Modest,Timid,Calm,Jolly
Pidove,Adamant,Jolly,Impish,Timid
Tranquill,Adamant,Jolly,Impish,Timid
Unfezant,Adamant,Jolly,Impish,Timid
Blitzle,Jolly,Adamant,Impish,Modest
Zebstrika,Jolly,Adamant,Impish,Modest
Roggenrola,Adamant,Jolly,Impish,Timid
Boldore,Adamant,Jolly,Impish,Timid
Gigalith,Adamant,Jolly,Impish,Timid
Woobat,Timid,Modest,Bold,Adamant
Swoobat,Timid,Modest,Bold,Adamant
Drilbur,Adamant,Jolly,Careful,Timid
Excadrill,Adamant,Jolly,Careful,Timid
Audino,Naive,Timid,Jolly,Quiet
Timburr,Adamant,Jolly,Impish,Timid
Gurdurr,Adamant,Jolly,Impish,Timid
Conkeldurr,Adamant,Jolly,Impish,Timid
Tympole,Hasty,Timid,Jolly,Quiet
Palpitoad,Hasty,Timid,Jolly,Quiet
Seismitoad,Adamant,Jolly,Impish,Timid
Throh,Adamant,Jolly,Impish,Timid
Sawk,Adamant,Jolly,Impish,Timid
Sewaddle,Adamant,Jolly,Impish,Timid
Swadloon,Adamant,Jolly,Impish,Timid
Leavanny,Adamant,Jolly,Impish,Timid
Venipede,Jolly,Adamant,Impish,Modest
Whirlipede,Adamant,Jolly,Impish,Timid
Scolipede,Jolly,Adamant,Impish,Modest
Cottonee,Timid,Modest,Bold,Adamant
Whimsicott,Timid,Modest,Bold,Adamant
Petilil,Modest,Timid,Calm,Jolly
Lilligant,Modest,Timid,Calm,Jolly
Basculin,Jolly,Adamant,Impish,Modest
Sandile,Adamant,Jolly,Impish,Timid
Krokorok,Adamant,Jolly,Impish,Timid
Krookodile,Adamant,Jolly,Impish,Timid
Darumaka,Adamant,Jolly,Impish,Timid
Darmanitan,Adamant,Jolly,Impish,Timid
Maractus,Modest,Timid,Calm,Jolly
Dwebble,Adamant,Jolly,Impish,Timid
Crustle,Adamant,Jolly,Impish,Timid
Scraggy,Adamant,Jolly,Impish,Timid
Scrafty,Adamant,Jolly,Impish,Timid
Sigilyph,Modest,Timid,Calm,Jolly
Yamask,Modest,Timid,Bold,Jolly
Cofagrigus,Modest,Timid,Bold,Jolly
Tirtouga,Adamant,Jolly,Impish,Timid
Carracosta,Adamant,Jolly,Impish,Timid
Archen,Adamant,Jolly,Impish,Timid
Archeops,Adamant,Jolly,Impish,Timid
Trubbish,Jolly,Adamant,Impish,Modest
Garbodor,Adamant,Jolly,Impish,Timid
Zorua,Modest,Timid,Calm,Jolly
Zoroark,Modest,Timid,Calm,Jolly
Minccino,Jolly,Adamant,Impish,Modest
Cinccino,Jolly,Adamant,Impish,Modest
Gothita,Modest,Timid,Calm,Jolly
Gothorita,Modest,Timid,Calm,Jolly
Gothitelle,Modest,Timid,Calm,Jolly
Solosis,Modest,Timid,Calm,Jolly
Duosion,Modest,Timid,Calm,Jolly
Reuniclus,Modest,Timid,Calm,Jolly
Ducklett,Hasty,Timid,Jolly,Quiet
Swanna,Hasty,Timid,Jolly,Quiet
Vanillite,Modest,Timid,Calm,Jolly
Vanillish,Modest,Timid,Calm,Jolly
Vanilluxe,Modest,Timid,Calm,Jolly
Deerling,Jolly,Adamant,Impish,Modest
Sawsbuck,Adamant,Jolly,Impish,Timid
Emolga,Hasty,Timid,Jolly,Quiet
Karrablast,Adamant,Jolly,Impish,Timid
Escavalier,Adamant,Jolly,Impish,Timid
Foongus,Naive,Timid,Jolly,Quiet
Amoonguss,Naive,Timid,Jolly,Quiet
Frillish,Modest,Timid,Calm,Jolly
Jellicent,Modest,Timid,Calm,Jolly
Alomomola,Adamant,Jolly,Impish,Timid
Joltik,Timid,Modest,Bold,Adamant
Galvantula,Timid,Modest,Bold,Adamant
Ferroseed,Adamant,Jolly,Impish,Timid
Ferrothorn,Adamant,Jolly,Impish,Timid
Klink,Adamant,Jolly,Impish,Timid
Klang,Adamant,Jolly,Impish,Timid
Klinklang,Adamant,Jolly,Impish,Timid
Tynamo,Jolly,Adamant,Impish,Modest
Eelektrik,Adamant,Jolly,Impish,Timid
Eelektross,Adamant,Jolly,Impish,Timid
Elgyem,Modest,Timid,Calm,Jolly
Beheeyem,Modest,Timid,Calm,Jolly
Litwick,Modest,Timid,Calm,Jolly
Lampent,Modest,Timid,Calm,Jolly
Chandelure,Modest,Timid,Calm,Jolly
Axew,Adamant,Jolly,Impish,Timid
Fraxure,Adamant,Jolly,Impish,Timid
Haxorus,Adamant,Jolly,Impish,Timid
Cubchoo,Adamant,Jolly,Impish,Timid
Beartic,Adamant,Jolly,Impish,Timid
Cryogonal,Timid,Modest,Bold,Adamant
Shelmet,Naive,Timid,Jolly,Quiet
Accelgor,Timid,Modest,Bold,Adamant
Stunfisk,Modest,Timid,Calm,Jolly
Mienfoo,Adamant,Jolly,Impish,Timid
Mienshao,Adamant,Jolly,Impish,Timid
Druddigon,Adamant,Jolly,Impish,Timid
Golett,Adamant,Jolly,Impish,Timid
Golurk,Adamant,Jolly,Impish,Timid
Pawniard,Adamant,Jolly,Impish,Timid
Bisharp,Adamant,Jolly,Impish,Timid
Bouffalant,Adamant,Jolly,Impish,Timid
Rufflet,Adamant,Jolly,Impish,Timid
Braviary,Adamant,Jolly,Impish,Timid
Vullaby,Jolly,Adamant,Impish,Modest
Mandibuzz,Jolly,Adamant,Careful,Modest
Heatmor,Modest,Timid,Calm,Jolly
Durant,Jolly,Adamant,Impish,Modest
Deino,Adamant,Jolly,Impish,Timid
Zweilous,Adamant,Jolly,Impish,Timid
Hydreigon,Modest,Timid,Calm,Jolly
Larvesta,Adamant,Jolly,Impish,Timid
Volcarona,Modest,Timid,Calm,Jolly
Cobalion,Hasty,Timid,Jolly,Quiet
Terrakion,Adamant,Jolly,Impish,Timid
Virizion,Hasty,Timid,Jolly,Quiet
Tornadus,Modest,Timid,Calm,Jolly
Thundurus,Modest,Timid,Calm,Jolly
Reshiram,Modest,Timid,Calm,Jolly
Zekrom,Adamant,Jolly,Impish,Timid
Landorus,Adamant,Jolly,Impish,Timid
Kyurem,Naive,Timid,Jolly,Quiet
Keldeo,Modest,Timid,Calm,Jolly
Meloetta,Modest,Timid,Calm,Jolly
Genesect,Naive,Timid,Jolly,Quiet
Chespin,Adamant,Jolly,Impish,Timid
Quilladin,Adamant,Jolly,Impish,Timid
Chesnaught,Adamant,Jolly,Impish,Timid
Fennekin,Modest,Timid,Calm,Jolly
Braixen,Modest,Timid,Calm,Jolly
Delphox,Modest,Timid,Calm,Jolly
Froakie,Timid,Modest,Bold,Adamant
Frogadier,Timid,Modest,Bold,Adamant
Greninja,Timid,Modest,Bold,Adamant
Bunnelby,Jolly,Adamant,Impish,Modest
Diggersby,Jolly,Adamant,Impish,Modest
Fletchling,Jolly,Adamant,Impish,Modest
Fletchinder,Jolly,Adamant,Impish,Modest
Talonflame,Jolly,Adamant,Impish,Modest
Scatterbug,Jolly,Adamant,Impish,Modest
Spewpa,Timid,Modest,Bold,Adamant
Vivillon,Modest,Timid,Calm,Jolly
Litleo,Modest,Timid,Bold,Jolly
Pyroar,Modest,Timid,Bold,Jolly
Flabebe,Modest,Timid,Calm,Jolly
Floette,Modest,Timid,Calm,Jolly
Florges,Modest,Timid,Calm,Jolly
Skiddo,Adamant,Jolly,Careful,Timid
Gogoat,Adamant,Jolly,Careful,Timid
Pancham,Adamant,Jolly,Impish,Timid
Pangoro,Adamant,Jolly,Impish,Timid
Furfrou,Jolly,Adamant,Impish,Modest
Espurr,Timid,Modest,Bold,Adamant
Meowstic-M,Timid,Modest,Bold,Adamant
Honedge,Adamant,Jolly,Impish,Timid
Doublade,Adamant,Jolly,Impish,Timid
Aegislash,Hasty,Timid,Jolly,Quiet
Spritzee,Modest,Timid,Calm,Jolly
Aromatisse,Modest,Timid,Calm,Jolly
Swirlix,Modest,Timid,Bold,Jolly
Slurpuff,Modest,Timid,Bold,Jolly
Inkay,Adamant,Jolly,Impish,Timid
Malamar,Adamant,Jolly,Impish,Timid
Binacle,Adamant,Jolly,Impish,Timid
Barbaracle,Adamant,Jolly,Impish,Timid
Skrelp,Naive,Timid,Jolly,Quiet
Dragalge,Modest,Timid,Calm,Jolly
Clauncher,Modest,Timid,Calm,Jolly
Clawitzer,Modest,Timid,Calm,Jolly
Helioptile,Modest,Timid,Calm,Jolly
Heliolisk,Timid,Modest,Bold,Adamant
Tyrunt,Adamant,Jolly,Impish,Timid
Tyrantrum,Adamant,Jolly,Impish,Timid
Amaura,Modest,Timid,Calm,Jolly
Aurorus,Modest,Timid,Calm,Jolly
Sylveon,Modest,Timid,Calm,Jolly
Hawlucha,Jolly,Adamant,Impish,Modest
Dedenne,Timid,Modest,Bold,Adamant
Carbink,Hasty,Timid,Jolly,Quiet
Goomy,Modest,Timid,Calm,Jolly
Sliggoo,Modest,Timid,Calm,Jolly
Goodra,Modest,Timid,Calm,Jolly
Klefki,Naive,Timid,Jolly,Quiet
Phantump,Adamant,Jolly,Careful,Timid
Trevenant,Adamant,Jolly,Careful,Timid
Pumpkaboo,Adamant,Jolly,Impish,Timid
Gourgeist,Adamant,Jolly,Impish,Timid
Bergmite,Adamant,Jolly,Impish,Timid
Avalugg,Adamant,Jolly,Impish,Timid
Noibat,Timid,Modest,Bold,Adamant
Noivern,Timid,Modest,Calm,Adamant
Xerneas,Naive,Timid,Jolly,Quiet
Yveltal,Naive,Timid,Jolly,Quiet
Zygarde,Adamant,Jolly,Impish,Timid
Diancie,Naive,Timid,Jolly,Quiet
Hoopa,Modest,Timid,Calm,Jolly
Volcanion,Modest,Timid,Bold,Jolly
Rowlet,Adamant,Jolly,Impish,Timid
Dartrix,Adamant,Jolly,Impish,Timid
Decidueye,Adamant,Jolly,Careful,Timid
Litten,Jolly,Adamant,Impish,Modest
Torracat,Jolly,Adamant,Impish,Modest
Incineroar,Adamant,Jolly,Impish,Timid
Popplio,Modest,Timid,Calm,Jolly
Brionne,Modest,Timid,Calm,Jolly
Primarina,Modest,Timid,Calm,Jolly
Pikipek,Adamant,Jolly,Impish,Timid
Trumbeak,Adamant,Jolly,Impish,Timid
Toucannon,Adamant,Jolly,Impish,Timid
Yungoos,Adamant,Jolly,Impish,Timid
Gumshoos,Adamant,Jolly,Impish,Timid
Grubbin,Adamant,Jolly,Impish,Timid
Charjabug,Adamant,Jolly,Impish,Timid
Vikavolt,Modest,Timid,Calm,Jolly
Crabrawler,Adamant,Jolly,Impish,Timid
Crabominable,Adamant,Jolly,Impish,Timid
Oricorio,Modest,Timid,Calm,Jolly
Cutiefly,Timid,Modest,Bold,Adamant
Ribombee,Timid,Modest,Bold,Adamant
Rockruff,Adamant,Jolly,Impish,Timid
Lycanroc,Adamant,Jolly,Impish,Timid
Wishiwashi,Timid,Modest,Bold,Adamant
Mareanie,Adamant,Jolly,Impish,Timid
Toxapex,Adamant,Jolly,Impish,Timid
Mudbray,Adamant,Jolly,Impish,Timid
Mudsdale,Adamant,Jolly,Impish,Timid
Dewpider,Naive,Timid,Jolly,Quiet
Araquanid,Adamant,Jolly,Careful,Timid
Fomantis,Adamant,Jolly,Impish,Timid
Lurantis,Adamant,Jolly,Impish,Timid
Morelull,Modest,Timid,Calm,Jolly
Shiinotic,Modest,Timid,Calm,Jolly
Salandit,Timid,Modest,Bold,Adamant
Salazzle,Timid,Modest,Bold,Adamant
Stufful,Adamant,Jolly,Impish,Timid
Bewear,Adamant,Jolly,Impish,Timid
Bounsweet,Hasty,Timid,Jolly,Quiet
Steenee,Hasty,Timid,Jolly,Quiet
Tsareena,Adamant,Jolly,Impish,Timid
Comfey,Timid,Modest,Calm,Adamant
Oranguru,Modest,Timid,Calm,Jolly
Passimian,Adamant,Jolly,Impish,Timid
Wimpod,Jolly,Adamant,Impish,Modest
Golisopod,Adamant,Jolly,Impish,Timid
Sandygast,Modest,Timid,Bold,Jolly
Palossand,Modest,Timid,Bold,Jolly
Pyukumuku,Adamant,Jolly,Impish,Timid
Type-Null,Naive,Timid,Jolly,Quiet
Silvally,Hasty,Timid,Jolly,Quiet
Minior,Naive,Timid,Jolly,Quiet
Komala,Adamant,Jolly,Careful,Timid
Turtonator,Modest,Timid,Bold,Jolly
Togedemaru,Adamant,Jolly,Careful,Timid
Mimikyu,Jolly,Adamant,Impish,Modest
Bruxish,Adamant,Jolly,Impish,Timid
Drampa,Modest,Timid,Calm,Jolly
Dhelmise,Adamant,Jolly,Impish,Timid
Jangmo-o,Adamant,Jolly,Impish,Timid
Hakamo-o,Adamant,Jolly,Impish,Timid
Kommo-o,Adamant,Jolly,Impish,Timid
Tapu-Koko,Jolly,Adamant,Impish,Modest
Tapu-Lele,Modest,Timid,Calm,Jolly
Tapu-Bulu,Adamant,Jolly,Impish,Timid
Tapu-Fini,Modest,Timid,Calm,Jolly
Cosmog,Hasty,Timid,Jolly,Quiet
Cosmoem,Hasty,Timid,Jolly,Quiet
Solgaleo,Adamant,Jolly,Impish,Timid
Lunala,Modest,Timid,Calm,Jolly
Nihilego,Modest,Timid,Calm,Jolly
Buzzwole,Adamant,Jolly,Impish,Timid
Pheromosa,Hasty,Timid,Jolly,Quiet
Xurkitree,Modest,Timid,Calm,Jolly
Celesteela,Modest,Timid,Bold,Jolly
Kartana,Adamant,Jolly,Impish,Timid
Guzzlord,Adamant,Jolly,Impish,Timid
Necrozma,Modest,Timid,Bold,Jolly
Magearna,Modest,Timid,Calm,Jolly
Marshadow,Jolly,Adamant,Careful,Modest
Poipole,Hasty,Timid,Jolly,Quiet
Naganadel,Modest,Timid,Calm,Jolly
Stakataka,Adamant,Jolly,Impish,Timid
Blacephalon,Modest,Timid,Calm,Jolly
Zeraora,Jolly,Adamant,Careful,Modest
Meltan,Adamant,Jolly,Impish,Timid
Melmetal,Adamant,Jolly,Impish,Timid
Grookey,Jolly,Adamant,Impish,Modest
Thwackey,Adamant,Jolly,Impish,Timid
Rillaboom,Adamant,Jolly,Impish,Timid
Scorbunny,Adamant,Jolly,Impish,Timid
Raboot,Jolly,Adamant,Impish,Modest
Cinderace,Jolly,Adamant,Impish,Modest
Sobble,Timid,Modest,Bold,Adamant
Drizzile,Modest,Timid,Calm,Jolly
Inteleon,Modest,Timid,Calm,Jolly
Skwovet,Adamant,Jolly,Impish,Timid
Greedent,Adamant,Jolly,Impish,Timid
Rookidee,Jolly,Adamant,Impish,Modest
Corvisquire,Jolly,Adamant,Impish,Modest
Corviknight,Adamant,Jolly,Impish,Timid
Blipbug,Timid,Modest,Bold,Adamant
Dottler,Modest,Timid,Calm,Jolly
Orbeetle,Timid,Modest,Calm,Adamant
Nickit,Timid,Modest,Bold,Adamant
Thievul,Timid,Modest,Bold,Adamant
Gossifleur,Naive,Timid,Jolly,Quiet
Eldegoss,Modest,Timid,Calm,Jolly
Wooloo,Hasty,Timid,Jolly,Quiet
Dubwool,Jolly,Adamant,Careful,Modest
Chewtle,Adamant,Jolly,Impish,Timid
Drednaw,Adamant,Jolly,Impish,Timid
Yamper,Jolly,Adamant,Impish,Modest
Boltund,Jolly,Adamant,Impish,Modest
Rolycoly,Naive,Timid,Jolly,Quiet
Carkol,Naive,Timid,Jolly,Quiet
Coalossal,Naive,Timid,Jolly,Quiet
Applin,Naive,Timid,Jolly,Quiet
Flapple,Adamant,Jolly,Impish,Timid
Appletun,Modest,Timid,Calm,Jolly
Silicobra,Adamant,Jolly,Impish,Timid
Sandaconda,Adamant,Jolly,Impish,Timid
Cramorant,Modest,Timid,Calm,Jolly
Arrokuda,Jolly,Adamant,Impish,Modest
Barraskewda,Jolly,Adamant,Impish,Modest
Toxel,Modest,Timid,Calm,Jolly
Toxtricity,Modest,Timid,Calm,Jolly
Sizzlipede,Adamant,Jolly,Careful,Timid
Centiskorch,Adamant,Jolly,Careful,Timid
Clobbopus,Adamant,Jolly,Impish,Timid
Grapploct,Adamant,Jolly,Impish,Timid
Sinistea,Modest,Timid,Calm,Jolly
Polteageist,Modest,Timid,Calm,Jolly
Hatenna,Modest,Timid,Calm,Jolly
Hattrem,Modest,Timid,Calm,Jolly
Hatterene,Modest,Timid,Calm,Jolly
Impidimp,Modest,Timid,Calm,Jolly
Morgrem,Modest,Timid,Calm,Jolly
Grimmsnarl,Adamant,Jolly,Careful,Timid
Obstagoon,Jolly,Adamant,Careful,Modest
Perrserker,Adamant,Jolly,Impish,Timid
Cursola,Modest,Timid,Calm,Jolly
Sirfetchd,Adamant,Jolly,Impish,Timid
Mr-Rime,Modest,Timid,Calm,Jolly
Runerigus,Adamant,Jolly,Impish,Timid
Milcery,Modest,Timid,Calm,Jolly
Alcremie,Modest,Timid,Calm,Jolly
Falinks,Adamant,Jolly,Impish,Timid
Pincurchin,Adamant,Jolly,Impish,Timid
Snom,Modest,Timid,Bold,Jolly
Frosmoth,Modest,Timid,Calm,Jolly
Stonjourner,Adamant,Jolly,Impish,Timid
Eiscue,Adamant,Jolly,Impish,Timid
Indeedee,Modest,Timid,Calm,Jolly
Morpeko,Jolly,Adamant,Impish,Modest
Cufant,Adamant,Jolly,Careful,Timid
Copperajah,Adamant,Jolly,Impish,Timid
Dracozolt,Adamant,Jolly,Impish,Timid
Arctozolt,Adamant,Jolly,Impish,Timid
Dracovish,Adamant,Jolly,Impish,Timid
Arctovish,Adamant,Jolly,Impish,Timid
Duraludon,Modest,Timid,Bold,Jolly
Dreepy,Jolly,Adamant,Impish,Modest
Drakloak,Jolly,Adamant,Impish,Modest
Dragapult,Jolly,Adamant,Impish,Modest
Zacian,Jolly,Adamant,Careful,Modest
Zamazenta,Jolly,Adamant,Careful,Modest
Eternatus,Modest,Timid,Calm,Jolly
Kubfu,Adamant,Jolly,Impish,Timid
Urshifu,Adamant,Jolly,Impish,Timid
Zarude,Adamant,Jolly,Impish,Timid
Regieleki,Hasty,Timid,Jolly,Quiet
Regidrago,Naive,Timid,Jolly,Quiet
Glastrier,Adamant,Jolly,Impish,Timid
Spectrier,Modest,Timid,Calm,Jolly
Calyrex,Hasty,Timid,Jolly,Quiet
Wyrdeer,Naive,Timid,Jolly,Quiet
Kleavor,Adamant,Jolly,Impish,Timid
Ursaluna,Adamant,Jolly,Impish,Timid
Basculegion,Adamant,Jolly,Careful,Timid
Sneasler,Adamant,Jolly,Careful,Timid
Overqwil,Adamant,Jolly,Impish,Timid
Enamorus,Modest,Timid,Calm,Jolly
Sprigatito,Jolly,Adamant,Impish,Modest
Floragato,Jolly,Adamant,Impish,Modest
Meowscarada,Jolly,Adamant,Impish,Modest
Fuecoco,Modest,Timid,Bold,Jolly
Crocalor,Modest,Timid,Bold,Jolly
Skeledirge,Modest,Timid,Bold,Jolly
Quaxly,Adamant,Jolly,Impish,Timid
Quaxwell,Adamant,Jolly,Impish,Timid
Quaquaval,Adamant,Jolly,Impish,Timid
Lechonk,Adamant,Jolly,Careful,Timid
Oinkologne,Adamant,Jolly,Careful,Timid
Tarountula,Adamant,Jolly,Impish,Timid
Spidops,Adamant,Jolly,Impish,Timid
Nymble,Jolly,Adamant,Impish,Modest
Lokix,Adamant,Jolly,Impish,Timid
Pawmi,Jolly,Adamant,Impish,Modest
Pawmo,Jolly,Adamant,Impish,Modest
Pawmot,Adamant,Jolly,Impish,Timid
Tandemaus,Hasty,Timid,Jolly,Quiet
Maushold,Hasty,Timid,Jolly,Quiet
Fidough,Jolly,Adamant,Impish,Modest
Dachsbun,Jolly,Adamant,Careful,Modest
Smoliv,Modest,Timid,Calm,Jolly
Doliv,Modest,Timid,Calm,Jolly
Arboliva,Modest,Timid,Calm,Jolly
Squawkabilly,Adamant,Jolly,Impish,Timid
Nacli,Adamant,Jolly,Impish,Timid
Naclstack,Adamant,Jolly,Impish,Timid
Garganacl,Adamant,Jolly,Impish,Timid
Charcadet,Adamant,Jolly,Impish,Timid
Armarouge,Modest,Timid,Bold,Jolly
Ceruledge,Adamant,Jolly,Careful,Timid
Tadbulb,Modest,Timid,Calm,Jolly
Bellibolt,Modest,Timid,Calm,Jolly
Wattrel,Timid,Modest,Bold,Adamant
Kilowattrel,Timid,Modest,Bold,Adamant
Maschiff,Adamant,Jolly,Impish,Timid
Mabosstiff,Adamant,Jolly,Impish,Timid
Shroodle,Jolly,Adamant,Impish,Modest
Grafaiai,Jolly,Adamant,Impish,Modest
Bramblin,Adamant,Jolly,Careful,Timid
Brambleghast,Adamant,Jolly,Impish,Timid
Toedscool,Timid,Modest,Bold,Adamant
Toedscruel,Timid,Modest,Calm,Adamant
Klawf,Adamant,Jolly,Impish,Timid
Capsakid,Naive,Timid,Jolly,Quiet
Scovillain,Naive,Timid,Jolly,Quiet
Rellor,Jolly,Adamant,Impish,Modest
Rabsca,Modest,Timid,Calm,Jolly
Flittle,Timid,Modest,Bold,Adamant
Espathra,Hasty,Timid,Jolly,Quiet
Tinkatink,Adamant,Jolly,Careful,Timid
Tinkatuff,Adamant,Jolly,Careful,Timid
Tinkaton,Jolly,Adamant,Careful,Modest
Wiglett,Jolly,Adamant,Impish,Modest
Wugtrio,Jolly,Adamant,Impish,Modest
Bombirdier,Jolly,Adamant,Impish,Modest
Finizen,Hasty,Timid,Jolly,Quiet
Palafin,Hasty,Timid,Jolly,Quiet
Varoom,Adamant,Jolly,Impish,Timid
Revavroom,Adamant,Jolly,Impish,Timid
Cyclizar,Jolly,Adamant,Impish,Modest
Orthworm,Adamant,Jolly,Impish,Timid
Glimmet,Modest,Timid,Calm,Jolly
Glimmora,Modest,Timid,Bold,Jolly
Greavard,Adamant,Jolly,Careful,Timid
Houndstone,Adamant,Jolly,Impish,Timid
Flamigo,Adamant,Jolly,Impish,Timid
Cetoddle,Adamant,Jolly,Impish,Timid
Cetitan,Adamant,Jolly,Impish,Timid
Veluza,Adamant,Jolly,Impish,Timid
Dondozo,Adamant,Jolly,Impish,Timid
Tatsugiri,Modest,Timid,Calm,Jolly
Annihilape,Adamant,Jolly,Careful,Timid
Clodsire,Adamant,Jolly,Careful,Timid
Farigiraf,Naive,Timid,Jolly,Quiet
Dudunsparce,Adamant,Jolly,Impish,Timid
Kingambit,Adamant,Jolly,Impish,Timid
Great-Tusk,Adamant,Jolly,Impish,Timid
Scream-Tail,Hasty,Timid,Jolly,Quiet
Brute-Bonnet,Adamant,Jolly,Impish,Timid
Flutter-Mane,Timid,Modest,Calm,Adamant
Slither-Wing,Adamant,Jolly,Careful,Timid
Sandy-Shocks,Modest,Timid,Bold,Jolly
Iron-Treads,Adamant,Jolly,Impish,Timid
Iron-Bundle,Timid,Modest,Bold,Adamant
Iron-Hands,Adamant,Jolly,Impish,Timid
Iron-Jugulis,Modest,Timid,Bold,Jolly
Iron-Moth,Modest,Timid,Calm,Jolly
Iron-Thorns,Adamant,Jolly,Impish,Timid
Frigibax,Adamant,Jolly,Impish,Timid
Arctibax,Adamant,Jolly,Impish,Timid
Baxcalibur,Adamant,Jolly,Impish,Timid
Gimmighoul,Modest,Timid,Calm,Jolly
Gholdengo,Modest,Timid,Bold,Jolly
Wo-Chien,Modest,Timid,Calm,Jolly
Chien-Pao,Jolly,Adamant,Impish,Modest
Ting-Lu,Adamant,Jolly,Impish,Timid
Chi-Yu,Modest,Timid,Calm,Jolly
Roaring-Moon,Adamant,Jolly,Impish,Timid
Iron-Valiant,Adamant,Jolly,Impish,Timid
Koraidon,Jolly,Adamant,Careful,Modest
Miraidon,Timid,Modest,Calm,Adamant
Walking-Wake,Modest,Timid,Bold,Jolly
Iron-Leaves,Adamant,Jolly,Careful,Timid
Dipplin,Modest,Timid,Bold,Jolly
Poltchageist,Modest,Timid,Calm,Jolly
Sinistcha,Modest,Timid,Bold,Jolly
Okidogi,Adamant,Jolly,Impish,Timid
Munkidori,Modest,Timid,Calm,Jolly
Fezandipiti,Jolly,Adamant,Careful,Modest
Ogerpon,Adamant,Jolly,Careful,Timid
Archaludon,Modest,Timid,Bold,Jolly
Hydrapple,Modest,Timid,Bold,Jolly
Gouging-Fire,Adamant,Jolly,Impish,Timid
Raging-Bolt,Modest,Timid,Bold,Jolly
Iron-Boulder,Adamant,Jolly,Careful,Timid
Iron-Crown,Modest,Timid,Calm,Jolly
Terapagos,Hasty,Timid,Jolly,Quiet
Pecharunt,Hasty,Timid,Jolly,Quiet
